feature,coefficient,abs_coef
novelty_spike,0.37470302282917667,0.37470302282917667
declining_ud,0.31801930658923394,0.31801930658923394
chronic_ud,0.03778661777889262,0.03778661777889262
